{
    "ObjArchives": [
        {
            "size": 188718,
            "archive": "archive.0/_54752_archive_1.a",
            "objects": [
                [
                    "reYIK_d.o",
                    43000
                ],
                [
                    "BNUJ6_d.o",
                    29272
                ],
                [
                    "amcQwB.o",
                    116446
                ]
            ]
        }
    ],
    "Modules": {
        "std": {
            "start_perf": [
                0.25776791572570801,
                0.054675000000000001,
                0.027337,
                215092,
                225648,
                1665660636.7517469,
                388344023773854
            ],
            "child_modules": {},
            "nRouts": 33,
            "Compiled": "Yes",
            "Compiled Times": 1,
            "end_perf": [
                0.2707970142364502,
                0.058212,
                0.031046000000000001,
                219344,
                225648,
                388344057606390,
                8589934594,
                0
            ],
            "svclass": [
                "$vcs_nba_dyn_obj",
                576,
                35,
                2,
                2,
                0,
                "sigprop$$",
                576,
                35,
                2,
                2,
                0,
                "process",
                2380,
                200,
                8,
                8,
                0,
                "event",
                597,
                34,
                2,
                2,
                0,
                "mailbox",
                1769,
                140,
                9,
                9,
                0,
                "semaphore",
                1119,
                84,
                5,
                5,
                0
            ],
            "nQuads": 218,
            "nMops": 528
        },
        "...MASTER...": {
            "start_perf": [
                0.25517702102661133,
                0.054474000000000002,
                0.024945999999999999,
                212704,
                225648,
                1665660636.749156,
                388344017068393
            ],
            "child_modules": {
                "full_adder_tb": 1,
                "std": 1
            },
            "end_perf": [
                0.25771594047546387,
                0.054639,
                0.027319,
                215092,
                225648,
                388344023657550,
                0,
                0
            ],
            "nQuads": 0,
            "nMops": 0,
            "nRouts": 5
        },
        "full_adder_tb": {
            "start_perf": [
                0.27085494995117188,
                0.058250000000000003,
                0.031066,
                219344,
                225648,
                1665660636.7648339,
                388344057694026
            ],
            "child_modules": {},
            "nRouts": 45,
            "Compiled": "Yes",
            "Compiled Times": 1,
            "end_perf": [
                0.27999305725097656,
                0.062834000000000001,
                0.035344,
                221008,
                225648,
                388344081461367,
                17179869185,
                0
            ],
            "nQuads": 401,
            "nMops": 1082
        }
    },
    "CompUnits": {
        "amcQw_d": {
            "mode": 4,
            "bytes": 7832,
            "mod": "...MASTER...",
            "out": "objs/amcQw_d.o",
            "text": 434,
            "checksum": 0
        },
        "reYIK_d": {
            "mode": 4,
            "bytes": 43000,
            "mod": "std",
            "archive": "archive.0/_54752_archive_1.a",
            "out": "reYIK_d.o",
            "text": 7325,
            "checksum": 0,
            "cls": 7017
        },
        "BNUJ6_d": {
            "mode": 4,
            "bytes": 29272,
            "mod": "full_adder_tb",
            "archive": "archive.0/_54752_archive_1.a",
            "out": "BNUJ6_d.o",
            "text": 9037,
            "checksum": 0
        }
    },
    "reusePaths": {},
    "stat": {
        "cpu_cycles_end": 388344101056636,
        "ru_self_end": {
            "ru_majflt": 0,
            "ru_utime_sec": 0.065969,
            "ru_minflt": 10579,
            "ru_stime_sec": 0.038381999999999999,
            "ru_maxrss_kb": 116608,
            "ru_nvcsw": 24,
            "ru_nivcsw": 109
        },
        "ru_childs_end": {
            "ru_majflt": 0,
            "ru_utime_sec": 0.032268999999999999,
            "ru_minflt": 4213,
            "ru_stime_sec": 0.010194999999999999,
            "ru_maxrss_kb": 106180,
            "ru_nvcsw": 25,
            "ru_nivcsw": 39
        },
        "peak_mem_kb": 225648
    }
}